<?xml version="1.0" encoding="UTF-8"?>
<schema
        xmlns="http://www.concrete5.org/doctrine-xml/0.5"
        xmlns:xsi="http://www.w3.org/2001/XMLSchema-instance"
        xsi:schemaLocation="http://www.concrete5.org/doctrine-xml/0.5 http://concrete5.github.io/doctrine-xml/doctrine-xml-0.5.xsd">

    <table name="CommunityStoreOrderAttributeKeys">
        <field name="akID" type="integer"><unsigned/><key/></field>
    </table>

    <table name="CommunityStoreOrderAttributeValues">
        <field name="oID" type="integer"><unsigned/><key/></field>
        <field name="akID" type="integer"><unsigned/><key/></field>
        <field name="avID" type="integer"><unsigned/><key/></field>
    </table>
    <table name="CommunityStoreOrderAttributeKeyUserGroups">
        <field name="akID" type="integer"><unsigned/><key/></field>
        <field name="gID" type="integer"><unsigned/><key/></field>
    </table>
    <table name="CommunityStoreProductAttributeKeys">
        <field name="akID" type="integer"><unsigned/><key/></field>
    </table>
    <table name="CommunityStoreProductAttributeValues">
        <field name="pID" type="integer"><unsigned/><key/></field>
        <field name="akID" type="integer"><unsigned/><key/></field>
        <field name="avID" type="integer"><unsigned/><key/></field>
    </table>

</schema>
